review_index,actual,naive_bayes_tfidf_prediction,naive_bayes_tfidf_predicted_class_probability,logistic_regression_tfidf_prediction,logistic_regression_tfidf_predicted_class_probability,nb_top_weighted_evidence,lr_top_weighted_evidence
4,negative,negative,0.8107391466728373,positive,0.8825346359588815,damme:-0.6589; segal:-0.3188; dolph:-0.2413; nowhere:-0.1333; bloodsport:-0.1230,best:+0.5815; damme:-0.4427; enjoyed:+0.3630; highly:+0.3503; fun:+0.3301
22194,positive,negative,0.7644319143635474,positive,0.8944684504892346,seagal:-0.9216; unrealistic:-0.1297; sorry:-0.1027; unfortunately:-0.0809; fun:+0.0752,fun:+0.5224; seagal:-0.4967; unfortunately:-0.3721; well:+0.3568; best:+0.3209
23947,positive,negative,0.6962530954230153,positive,0.904763507216452,avoid:-0.1884; crap:-0.1868; stigmata:-0.1730; excellent:+0.1253; solid:+0.1071,excellent:+0.5320; great:+0.4185; still:+0.4052; avoid:-0.3571; well:+0.3498
16020,positive,negative,0.7218153153588929,positive,0.8776714255856474,fest:-0.1680; slasher:-0.1676; gem:+0.1581; chills:+0.1518; gore:-0.1500,great:+0.6582; well:+0.3249; still:+0.3037; you:+0.2881; gem:+0.2656
22190,positive,negative,0.7097469104472575,positive,0.874724342076204,segal:-0.8502; hell:-0.1043; message:+0.0997; great:+0.0818; steven:-0.0668,great:+0.7194; segal:-0.3586; message:+0.3141; makes:+0.2732; it:+0.2711
9618,negative,positive,0.6625808499760135,negative,0.8626780600269178,worst:-0.1575; austen:+0.1351; portrayal:+0.1101; atrocious:-0.1094; abomination:-0.1012,worst:-0.5861; lacks:-0.2377; love:+0.2280; awful:-0.2225; best:+0.2078
1346,negative,positive,0.743534534422205,negative,0.70793119973205,edie:+0.2245; haines:+0.0894; insult:-0.0873; 1936:+0.0822; 1939:+0.0761,poor:-0.1651; seems:-0.1335; unfortunately:-0.1305; today:+0.1274; edie:+0.1169
1755,negative,positive,0.6142962492687853,negative,0.8364166303397759,polanski:+0.3511; worst:-0.2610; duncan:-0.2408; worse:-0.2283; laurence:+0.2145,worst:-0.9714; worse:-0.5616; oh:-0.3908; actor:-0.2376; also:+0.2286
10858,negative,positive,0.6338623065760582,negative,0.8124832403160777,andrews:+0.1226; sir:+0.1170; blame:-0.1000; irritated:-0.0967; lazy:-0.0925,bad:-0.3027; might:-0.1610; seemed:-0.1596; director:-0.1505; not:-0.1494
572,negative,positive,0.5296445443505968,negative,0.9126115961375931,stanwyck:+0.2314; mclaglen:+0.2280; worse:-0.1492; ridiculous:-0.1391; bad:-0.1130,bad:-0.6763; worse:-0.3670; ridiculous:-0.3194; script:-0.2391; it:+0.1971
